Frame,Time,Cursor Position X,Cursor Position Y,Cursor Position Z,Cursor Velocity X,Cursor Velocity Y,Cursor Velocity Z
1,0,0,0,0,0,0,0
2,0.02,-0.0931772,-0.07160842,-0.07855323,0,0,0
3,0.3533334,-0.09253769,-0.07263991,-0.0781901,0,0,0
4,0.3807718,-0.09253769,-0.07263991,-0.0781901,0,0,0
